Year,Month,Latitude,Longitude,Flood_Status,elevation,rainfall,slope,aspect
2021,5,29.861,77.888,0,278,59.79010105,7,188
2005,12,29.942,78.165,0,279,7.906664491,1,229
2021,2,30.507,79.128,1,1876,13.40242219,47,145
2025,11,31.002,78.542,0,5759,623.8626213,52,193
2012,5,30.535,79.185,0,2027,27.4834857,37,346
2017,10,29.935,80.25,0,1743,15.59205961,29,163
2022,4,29.868,77.893,0,264,0.0,5,113
2016,1,29.386,79.458,0,1948,28.17408037,27,39
2021,6,30.33,78.025,1,655,170.1439495,1,311
2005,12,29.935,78.158,0,277,7.906664491,1,270
2018,5,29.9191,78.0507,0,273,32.43278551,1,49
2006,4,30.26,78.965,0,1247,13.98406291,51,261
2018,7,29.9563,78.1804,1,290,520.5355978,7,206
2006,7,29.76,80.16,1,1402,452.6492729,24,316
2008,5,29.77,80.14,0,864,36.90301132,13,185
2010,12,30.318,78.038,0,659,30.75386953,1,90
2025,7,30.3,78.975,1,775,301.0488547,30,155
2025,4,29.505,79.512,0,967,25.96493602,32,298
2019,8,29.3735,79.478,1,1918,420.1753359,20,238
2025,11,30.4929,79.6304,0,1786,458.3400803,1,90
2022,11,30.29,78.08,0,637,8.834654331,4,131
2010,11,29.9271,78.108,0,289,8.105571032,3,0
2024,4,29.9494,78.1616,0,294,22.79367446,4,229
2021,7,29.401,79.468,1,2131,732.9697781,29,16
2010,9,29.505,79.512,1,967,387.4800968,32,298
2007,4,29.406,79.455,0,1924,21.47553945,17,22
2021,2,30.56,79.56,1,1690,32.09667587,24,7
2013,6,29.855,77.905,1,271,307.2198505,4,196
2021,6,30.295,78.055,1,631,171.9639645,2,150
2005,7,29.866,77.88,1,267,189.2815847,3,201
2025,1,29.868,77.893,0,264,23.73624039,5,113
2025,8,29.401,79.468,1,2131,816.1189003,29,16
2010,3,29.9191,78.0507,0,273,11.38873649,1,49
2025,1,29.392,79.49,0,1999,31.62244081,46,185
2005,8,29.861,77.888,1,278,123.5135794,7,188
2022,7,29.765,80.255,1,1754,388.8006649,16,51
2022,7,30.28,78.06,1,627,437.3847017,1,0
2005,11,29.779,80.151,0,1253,0.0,18,287
2013,1,30.73,78.45,0,1170,89.84481621,21,321
2010,7,30.3255,78.04,1,673,598.7223358,3,270
2005,7,29.8,80.17,1,1290,334.4261999,22,291
2022,4,29.861,77.888,0,278,0.0,7,188
2013,6,29.375,79.451,1,2032,799.3527603,14,323
2017,1,29.925,80.235,0,1117,26.0111804,18,346
2025,4,29.4015,79.429,0,2055,21.40724778,29,307
2015,10,29.9457,78.1642,0,291,20.26343155,3,0
2015,9,29.9563,78.1804,1,290,126.6592522,7,206
2022,3,30.28,78.06,0,627,9.11285162,1,0
2019,1,30.94,78.57,0,4292,70.12255692,63,216
2010,9,29.779,80.151,1,1253,366.7701874,18,287
2021,4,30.575,79.566,0,2234,77.27731228,27,36
2013,6,30.29,78.08,1,637,601.3838215,4,131
2019,1,30.2554,79.4472,0,1328,56.48691165,25,297
2013,6,30.288,78.987,1,680,353.8288751,37,277
2025,1,29.38,79.431,0,1781,32.72695875,3,74
2019,9,30.2554,79.4472,1,1328,276.5052338,25,297
2008,7,29.815,80.155,1,1319,417.4841118,19,281
2013,6,29.9563,78.1804,1,290,532.5931044,7,206
2018,3,30.0808,79.4908,0,1250,36.51124525,37,74
2005,6,29.94,78.16,1,277,53.51698971,5,123
2010,10,30.3255,78.04,0,673,41.04721069,3,270
2022,7,30.3165,78.0322,1,651,437.3847017,3,229
2022,3,29.789,80.231,0,1779,5.73293972,11,344
2016,7,29.4015,79.429,1,2055,1068.630648,29,307
2012,8,30.69,78.455,1,1687,817.2861233,30,343
2005,7,29.8,80.18,1,1640,334.4261999,13,305
2016,7,29.868,77.893,1,264,380.3931866,5,113
2005,7,30.3105,79.067,1,932,223.0379543,16,4
2005,5,29.386,79.458,0,1948,30.630476,27,39
2009,8,29.87,80.08,1,1540,334.0214596,22,247
2007,3,29.401,79.468,0,2131,69.847085,29,16
2010,9,29.77,80.14,1,864,366.7701874,13,185
2005,7,29.386,79.458,1,1948,447.8286419,27,39
2005,7,30.3035,79.0405,1,915,214.8359795,12,90
2013,6,30.3,78.075,1,651,601.3838215,4,120
2016,7,29.745,80.145,1,970,589.9577522,26,162
2021,6,30.3165,78.0322,1,651,171.9639645,3,229
2025,5,30.31,79.0,0,1044,108.7718803,20,255
2006,7,29.755,80.13,1,850,452.6492729,6,201
2013,12,30.29,78.982,0,769,17.72993088,47,278
2010,10,30.29,78.08,0,637,41.50761032,4,131
2021,10,30.56,79.56,0,1690,49.87965012,24,7
2021,7,29.375,79.451,1,2032,782.823925,14,323
2010,9,29.87,77.875,1,268,487.0407848,2,113
2017,5,29.91,80.22,0,1201,117.9614115,45,4
2006,7,29.815,80.155,1,1319,453.3079653,19,281
2025,8,29.861,77.888,1,278,636.7499819,7,188
2018,4,29.8625,77.89,0,271,9.197198272,1,0
2016,7,29.83,80.2,1,1430,583.5368919,39,298
2022,12,29.795,80.225,0,1768,7.552351952,15,150
2007,12,29.372,79.444,0,1632,10.945678,33,160
2006,10,29.779,80.151,0,1253,30.66490841,18,287
2013,11,29.372,79.444,0,1632,0.0,33,160
2005,4,30.2745,79.017,0,1784,7.818119824,35,216
2023,3,29.8615,77.889,0,271,73.83016205,6,71
2013,4,30.293,78.985,0,771,15.98177075,34,111
2010,1,29.406,79.455,0,1924,30.87733746,17,22
2008,12,29.83,80.2,0,1430,11.28163743,39,298
2025,8,29.9271,78.108,1,289,672.5584316,3,0
2007,7,29.386,79.458,1,1948,518.938035,27,39
2025,8,29.9457,78.1642,1,291,658.2400093,3,0
2016,3,29.815,80.155,0,1319,54.61522532,19,281
2021,7,29.386,79.458,1,1948,732.9697781,27,39
2021,5,30.5355,79.5195,0,1350,211.7004051,34,221
2010,9,29.9494,78.1616,1,294,525.3573856,4,229
2014,8,30.3165,78.0322,1,651,375.8244705,3,229
2010,3,29.9457,78.1642,0,291,12.12155652,3,0
2022,1,29.868,77.893,0,264,132.1850395,5,113
2009,11,29.87,80.095,0,1800,5.111429691,30,186
2021,2,29.868,77.893,1,264,20.67050123,5,113
2003,9,30.745,78.445,1,1485,122.6426239,20,87
2013,10,30.3255,78.04,0,673,150.8986526,3,270
2005,4,29.925,78.15,0,279,6.683107376,4,131
2010,11,30.315,78.035,0,652,24.342134,2,210
2013,1,30.6185,79.5617,0,1799,59.41995239,34,55
2005,5,29.857,77.8965,0,273,12.10037208,1,49
2016,7,29.401,79.468,1,2131,997.9827194,29,16
2005,7,29.3805,79.464,1,1948,447.8286419,6,251
2024,1,29.9191,78.0507,0,273,34.76106215,1,49
2013,6,30.6185,79.5617,1,1799,390.4078274,34,55
2025,5,29.406,79.455,0,1924,131.182925,17,22
2010,10,29.372,79.444,0,1632,47.51398492,33,160
2005,7,30.284,79.029,1,1366,214.8359795,45,304
2025,8,29.91,80.22,1,1201,604.9968948,45,4
2023,12,29.9563,78.1804,0,290,9.41249609,7,206
2010,6,29.9191,78.0507,1,273,82.20463562,1,49
2012,8,30.659,79.132,1,3851,457.0469437,43,240
2014,8,29.9494,78.1616,1,294,305.8514853,4,229
2013,5,30.77,78.47,0,1935,32.25224829,13,198
2016,12,29.505,79.512,0,967,8.319223404,32,298
2016,5,29.4015,79.429,0,2055,145.5639803,29,307
2025,8,29.3967,79.4549,1,2155,850.0562687,30,220
2019,11,29.375,79.451,0,2032,10.77681255,14,323
2021,10,29.392,79.49,0,1999,230.0450954,46,185
2013,6,30.288,78.987,1,680,353.8288751,37,277
2003,9,30.725,78.455,1,1582,122.6426239,37,311
2006,1,29.755,80.13,0,850,10.89999521,6,201
2025,5,29.372,79.444,0,1632,131.182925,33,160
2025,8,29.925,80.235,1,1117,628.0345192,18,346
2008,7,29.779,80.151,1,1253,394.7265291,18,287
2006,1,29.79,80.12,0,1043,12.14659691,15,141
2018,7,30.0808,79.4908,1,1250,385.9901218,37,74
2005,1,30.3275,79.08,0,1582,24.43264914,42,136
2014,5,29.9191,78.0507,0,273,42.77551079,1,49
2016,4,29.861,77.888,0,278,7.947411418,7,188
2021,2,29.9457,78.1642,1,291,19.39954066,3,0
2014,9,29.861,77.888,1,278,138.6507912,7,188
2003,1,30.74,78.43,0,1510,25.65308285,46,243
2014,12,30.3,78.075,0,651,24.42220879,4,120
2005,7,29.87,77.875,1,268,194.2157328,2,113
2007,7,29.406,79.455,1,1924,544.4050131,17,22
2013,7,30.3255,78.04,1,673,575.2631655,3,270
2007,7,29.405,79.438,1,2549,544.4050131,31,231
2013,4,30.286,78.99,0,834,15.98177075,34,27
2007,7,29.375,79.451,1,2032,544.4050131,14,323
2025,4,30.98,78.515,0,4919,39.86920047,8,34
2016,5,29.9563,78.1804,0,290,75.69881296,7,206
2019,8,29.83,80.2,1,1430,384.1326628,39,298
2014,8,30.28,78.06,1,627,375.8244705,1,0
2023,7,29.9191,78.0507,1,273,624.097518,1,49
2024,10,29.9457,78.1642,0,291,15.25505022,3,0
2015,9,29.9494,78.1616,1,294,126.6592522,4,229
2022,8,29.868,77.893,1,264,244.6910696,5,113
2014,9,30.3255,78.04,1,673,174.043438,3,270
2025,3,29.86,77.895,0,270,36.29981995,2,247
2006,4,29.8,80.17,0,1290,17.05999035,22,291
2005,6,29.935,78.168,1,279,53.51698971,2,180
2021,2,30.4929,79.6304,1,1786,25.18461418,1,90
2025,7,30.288,78.987,1,680,301.0488547,37,277
2005,10,29.79,80.12,0,1043,20.51529121,15,141
2019,8,30.18,79.42,1,2532,340.1614456,22,161
2021,2,30.3,78.075,1,651,21.57310104,4,120
2006,7,30.34,79.06,1,1744,190.7408347,46,242
2023,7,29.8615,77.889,1,271,495.6935511,6,71
2025,8,31.132,78.445,1,4118,475.2132721,36,334
2005,12,29.935,78.168,0,279,7.906664491,2,180
2021,6,30.29,78.08,1,637,173.5960884,4,131
2010,6,29.9457,78.1642,1,291,101.7722778,3,0
2016,3,29.745,80.145,0,970,56.12248635,26,162
2013,5,29.9271,78.108,0,289,25.57852173,3,0
2022,7,29.789,80.231,1,1779,401.34023,11,344
2010,5,29.9563,78.1804,0,290,50.16964865,7,206
2025,1,30.0808,79.4908,0,1250,18.31586838,37,74
2013,4,30.3255,78.04,0,673,13.67569304,3,270
2021,4,29.505,79.512,0,967,37.73423791,32,298
2005,3,30.28,78.06,0,627,36.61355507,1,0
2005,4,29.785,80.14,0,842,11.03967786,27,0
2005,4,29.77,80.158,0,1278,11.29006195,43,228
2019,8,29.375,79.451,1,2032,452.960207,14,323
2019,5,29.779,80.151,0,1253,34.59686661,18,287
2013,6,30.285,78.385,1,1142,415.3462458,28,330
2021,1,30.28,78.06,0,627,39.72989273,1,0
2021,2,30.575,79.566,1,2234,32.09667587,27,36
2018,7,29.865,77.885,1,267,471.5825491,8,97
2016,6,30.0808,79.4908,1,1250,153.0890808,37,74
2016,7,29.87,77.88,1,268,395.1429691,4,300
2007,1,29.3805,79.464,0,1948,18.66186798,6,251
2021,11,30.27,78.07,0,612,8.50992012,2,113
2019,8,29.785,80.14,1,842,384.1326628,27,0
2005,7,29.392,79.49,1,1999,447.8286419,46,185
2007,12,29.3967,79.4549,0,2155,10.945678,30,220
2013,6,30.741,79.05,1,4373,1020.969267,17,245
2021,6,29.9191,78.0507,1,273,124.4040146,1,49
2005,7,29.3735,79.478,1,1918,447.8286419,20,238
2005,12,29.857,77.8965,0,273,6.315538168,1,49
2010,11,29.87,77.875,0,268,0.0,2,113
2010,3,29.77,80.14,0,864,14.4162674,13,185
2008,7,29.76,80.16,1,1402,394.7265291,24,316
2005,12,29.861,77.888,0,278,6.315538168,7,188
2012,11,30.658,79.145,0,4205,8.943589926,15,298
2010,5,30.275,78.065,0,624,45.02666235,3,286
2010,1,30.8624,78.396,0,2973,29.90613461,39,151
2023,3,29.859,77.8845,0,266,73.83016205,1,311
2005,10,29.8645,77.884,0,273,9.447404861,1,131
2014,4,30.28,78.06,0,627,30.43298602,1,0
2010,9,30.295,78.055,1,631,622.6048565,2,150
2025,8,29.95,80.26,1,2189,628.0345192,48,353
2019,8,30.94,78.57,1,4292,320.298996,63,216
2016,7,29.779,80.151,1,1253,589.9577522,18,287
2016,11,29.9494,78.1616,0,294,0.0,4,229
2025,11,31.12,78.53,0,4309,430.1561413,14,328
2014,8,29.9271,78.108,1,289,314.5016518,3,0
2021,11,29.9271,78.108,0,289,0.0,3,0
2005,3,29.4015,79.429,0,2055,69.89596605,29,307
2010,7,30.315,78.035,1,652,514.0097728,2,210
2013,6,29.3805,79.464,1,1948,807.5026302,6,251
2025,12,29.869,77.89,0,267,675.8741837,2,270
2009,10,29.86,80.12,0,1840,104.9013233,28,174
2014,1,29.9271,78.108,0,289,86.35004425,3,0
2010,1,29.423,79.453,0,1938,29.06752157,37,57
2013,5,29.855,77.905,0,271,18.22414398,4,196
2005,1,30.315,79.055,0,938,28.48831654,17,299
2005,1,29.8,80.18,0,1640,29.25713706,13,305
2006,7,29.8,80.18,1,1640,453.3079653,13,305
2016,3,29.372,79.444,0,1632,84.10569811,33,160
2021,6,29.9271,78.108,1,289,129.8324089,3,0
2018,12,30.3125,78.045,0,658,13.15935516,4,282
2014,9,30.28,78.06,1,627,172.8972816,1,0
2005,7,29.405,79.438,1,2549,500.2239475,31,231
2008,7,29.8,80.18,1,1640,417.4841118,13,305
2022,12,30.28,78.06,0,627,13.83585906,1,0
2012,3,30.728,78.46,0,1584,46.23660278,39,291
2013,6,30.305,78.05,1,647,576.8917837,2,270
2025,11,31.1,78.5,0,5946,393.6220303,32,237
2022,3,30.29,78.08,0,637,7.720023632,4,131
2025,8,30.085,79.5,1,1537,505.4456081,27,114
2021,1,30.295,78.055,0,631,39.72989273,2,150
2019,8,29.3805,79.464,1,1948,420.1753359,6,251
2018,7,29.9457,78.1642,1,291,520.5355978,3,0
2025,5,29.386,79.458,0,1948,133.8834631,27,39
2005,1,29.8645,77.884,0,273,22.30540848,1,131
2016,7,29.855,77.905,1,271,380.3931866,4,196
2021,7,29.3967,79.4549,1,2155,782.823925,30,220
2010,9,29.375,79.451,1,2032,565.8924179,14,323
2005,5,30.31,78.05,0,658,21.05154419,3,159
2022,10,29.77,80.25,0,1847,149.0514946,25,86
2006,4,30.36,79.05,0,1419,16.39626777,16,0
2013,12,30.3165,78.0322,0,651,13.1848197,3,229
2013,6,30.741,79.05,1,4373,1020.969267,17,245
2016,1,29.8,80.17,0,1290,9.320946693,22,291
2022,7,30.275,78.065,1,624,466.4283037,3,286
2015,9,29.9191,78.0507,1,273,115.3197632,1,49
2013,3,29.4015,79.429,0,2055,37.93381882,29,307
2005,11,30.29,78.08,0,637,8.625605717,4,131
2013,6,30.33,78.025,1,655,593.9466543,1,311
2016,3,29.779,80.151,0,1253,56.12248635,18,287
2022,7,29.857,77.8965,1,273,365.0304489,1,49
2025,8,30.0808,79.4908,1,1250,505.4456081,37,74
2005,7,29.76,80.16,1,1402,326.3444977,24,316
2013,5,30.0808,79.4908,0,1250,19.41301346,37,74
2025,8,29.9494,78.1616,1,294,658.2400093,4,229
2012,3,30.726,78.455,0,1536,46.23660278,40,327
2010,9,29.386,79.458,1,1948,532.4529343,27,39
2022,7,29.855,77.905,1,271,365.0304489,4,196
2025,8,31.1,78.5,1,5946,393.6220303,32,237
2019,4,30.82,78.55,0,3508,49.2702575,35,159
2022,3,29.775,80.245,0,1966,2.961009026,18,38
2016,7,29.77,80.14,1,864,589.9577522,13,185
2006,7,29.785,80.14,1,842,453.3079653,27,0
2014,9,29.9457,78.1642,1,291,148.2458553,3,0
2025,8,29.93,80.21,1,1512,611.725275,48,223
2022,3,29.855,77.905,0,271,8.990118504,4,196
2005,8,30.3,78.075,1,651,164.670784,4,120
2016,1,29.869,77.89,0,267,27.99072742,2,270
2017,7,29.94,80.255,1,2093,536.3781862,41,205
2010,7,30.265,78.072,1,626,572.4291,5,90
2022,7,29.795,80.225,1,1768,401.34023,15,150
2016,11,29.3967,79.4549,0,2155,0.0,30,220
2005,8,30.27,78.07,1,612,164.670784,2,113
2025,10,29.405,79.438,0,2549,850.0562687,31,231
2021,11,30.275,78.065,0,624,8.50992012,3,286
2009,3,29.88,80.085,0,1846,27.97186518,22,295
2016,1,29.9457,78.1642,0,291,30.46985769,3,0
2010,10,30.7,78.4,0,2003,29.74780846,26,208
2022,7,29.785,80.24,1,1826,401.34023,3,254
2010,11,29.785,80.14,0,842,9.603955269,27,0
2016,11,29.401,79.468,0,2131,0.0,29,16
2025,12,29.96,80.265,0,1829,613.9535828,32,238
2022,5,29.785,80.215,0,2033,55.12541199,22,10
2012,8,30.728,78.46,1,1584,845.1037788,39,291
2019,3,29.755,80.13,0,850,41.30439329,6,201
2013,10,29.405,79.438,0,2549,333.272583,31,231
2010,9,29.785,80.14,1,842,378.4514656,27,0
2014,11,29.87,77.875,0,268,0.0,2,113
2019,11,29.505,79.512,0,967,12.4136765,32,298
2005,10,29.92,78.15,0,278,14.72804487,1,311
2019,5,30.18,79.42,0,2532,20.46712828,22,161
2005,10,29.87,77.875,0,268,9.448506832,2,113
2005,7,29.855,77.905,1,271,195.2863441,4,196
2005,8,29.855,77.905,1,271,123.5135794,4,196
2016,7,29.8,80.17,1,1290,583.5368919,22,291
2021,3,29.375,79.451,0,2032,17.0913353,14,323
2016,7,29.386,79.458,1,1948,997.9827194,27,39
2003,9,30.72,78.44,1,1181,141.0317039,24,49
2025,8,29.855,77.905,1,271,636.7499819,4,196
2022,7,29.76,80.235,1,1832,388.8006649,22,92
2014,3,29.9271,78.108,0,289,71.64644814,3,0
2022,11,29.765,80.255,0,1754,0.0,16,51
2010,9,29.815,80.155,1,1319,378.4514656,19,281
2010,9,30.8624,78.396,1,2973,448.945137,39,151
2013,1,30.29,78.08,0,637,83.95444679,4,131
2010,9,30.29,78.08,1,637,642.4769363,4,131
2021,4,30.305,78.045,0,637,35.29854965,4,102
2014,9,29.9494,78.1616,1,294,148.2458553,4,229
2014,8,29.9191,78.0507,1,273,306.0241833,1,49
2009,4,29.865,80.095,0,1542,22.28688335,33,256
2005,8,29.869,77.89,1,267,133.1411352,2,270
2021,5,29.3805,79.464,0,1948,171.3343315,6,251
2017,7,29.91,80.22,1,1201,557.4619093,45,4
2022,12,29.857,77.8965,0,273,12.42883778,1,49
2014,8,29.9563,78.1804,1,290,305.8514853,7,206
2025,5,30.288,78.987,0,680,108.7718803,37,277
2009,8,29.88,80.085,1,1846,351.9206305,22,295
2021,5,30.3,78.075,0,651,116.6699972,4,120
2006,4,29.77,80.158,0,1278,18.28152132,43,228
2010,12,30.32,78.03,0,653,32.80600953,2,150
2013,6,30.77,78.47,1,1935,505.0024033,13,198
2025,10,31.01,78.53,0,5773,623.8626213,41,115
2003,5,30.725,78.455,0,1582,25.70653915,37,311
2012,9,30.535,79.185,1,2027,267.6177635,37,346
2009,12,29.86,80.1,0,1521,7.301865816,28,210
2019,8,30.85,78.6,1,2337,461.4031582,21,42
2006,5,30.34,79.06,0,1744,76.23554516,46,242
2022,12,30.3255,78.04,0,673,14.25282001,3,270
2022,8,30.3255,78.04,1,673,403.8506517,3,270
2005,8,29.915,78.142,1,277,147.1707964,2,30
2013,11,30.4929,79.6304,0,1786,14.99364471,1,90
2007,7,29.38,79.431,1,1781,544.4050131,3,74
2021,2,30.28,78.06,1,627,22.93864632,1,0
2021,7,29.372,79.444,1,1632,782.823925,33,160
2014,9,29.869,77.89,1,267,140.7071648,2,270
2021,5,29.4015,79.429,0,2055,168.1827965,29,307
2025,8,29.3735,79.478,1,1918,816.1189003,20,238
2025,10,29.915,80.225,0,1474,628.0345192,29,342
2009,8,29.87,80.095,1,1800,351.9206305,30,186
2010,12,29.79,80.12,0,1043,13.5323531,15,141
2025,10,29.905,80.245,0,1854,604.9968948,61,105
2010,9,29.392,79.49,1,1999,532.4529343,46,185
2016,7,29.861,77.888,1,278,380.3931866,7,188
2005,7,29.79,80.12,1,1043,342.1913099,15,141
2009,3,29.885,80.125,0,1664,27.97186518,40,83
2014,9,29.9191,78.0507,1,273,147.9538345,1,49
2016,7,29.406,79.455,1,1924,1068.630648,17,22
2010,9,29.868,77.893,1,264,468.755065,5,113
2008,7,29.8,80.17,1,1290,417.4841118,22,291
2005,7,29.401,79.468,1,2131,447.8286419,29,16
2005,12,29.925,78.152,0,280,7.257501364,1,229
2022,7,29.795,80.235,1,1621,401.34023,28,17
2022,5,29.87,77.875,0,268,49.35949707,2,113
2008,4,29.77,80.158,0,1278,26.68298233,43,228
2001,7,30.718,79.092,1,4198,187.5403891,56,109
2019,8,29.815,80.155,1,1319,384.1326628,19,281
2010,7,30.31,78.02,1,630,514.0097728,3,270
2005,5,29.95,78.17,0,284,19.78660583,4,120
2021,3,29.386,79.458,0,1948,16.33079529,27,39
2010,9,30.275,78.065,1,624,642.4769363,3,286
2014,5,30.3255,78.04,0,673,57.88807678,3,270
2010,3,29.8,80.17,0,1290,13.63750839,22,291
2022,7,30.33,78.025,1,655,492.0625916,1,311
2013,6,30.65,78.43,1,1406,487.2755957,24,211
2010,9,30.27,78.07,1,612,642.4769363,2,113
2024,12,29.9563,78.1804,0,290,22.5239625,7,206
2013,10,30.275,78.065,0,624,141.5510297,3,286
2021,3,30.515,79.125,0,2169,10.28676701,15,112
2012,4,30.525,79.18,0,2454,56.55406713,21,17
2023,7,29.861,77.888,1,278,495.6935511,7,188
2013,1,30.3,78.075,0,651,83.95444679,4,120
2016,3,30.6185,79.5617,0,1799,97.83227754,34,55
2019,12,29.76,80.16,0,1402,50.28603077,24,316
2010,10,29.9191,78.0507,0,273,26.09799695,1,49
2022,12,30.3165,78.0322,0,651,13.83585906,3,229
2013,7,30.28,78.06,1,627,505.6909094,1,0
2001,7,30.728,79.088,1,4278,162.2944012,44,196
2025,10,29.401,79.468,0,2131,816.1189003,29,16
2025,4,30.1,79.52,0,2055,24.97431344,31,230
2022,8,30.3,78.075,1,651,376.4155951,4,120
2014,1,29.9191,78.0507,0,273,83.9290123,1,49
2019,1,30.1,79.52,0,2055,62.50394392,31,230
2022,10,30.3165,78.0322,0,651,129.1020375,3,229
2025,10,29.9494,78.1616,0,294,658.2400093,4,229
2017,7,29.925,80.235,1,1117,536.3781862,18,346
2021,2,29.9563,78.1804,1,290,19.39954066,7,206
2005,8,29.925,78.15,1,279,147.1707964,4,131
2016,3,29.9191,78.0507,0,273,59.87926865,1,49
2005,8,29.87,77.875,1,268,131.8686275,2,113
2005,8,29.857,77.8965,1,273,123.5135794,1,49
2001,11,30.722,79.085,0,4020,5.674830675,29,314
2021,12,29.9271,78.108,0,289,8.596405983,3,0
2010,9,29.79,80.12,1,1043,370.8895035,15,141
2010,4,29.83,80.2,0,1430,14.48347592,39,298
2025,8,29.869,77.89,1,267,675.8741837,2,270
2014,5,29.9494,78.1616,0,294,61.84569931,4,229
2022,9,30.3255,78.04,1,673,315.6884544,3,270
2015,9,29.9457,78.1642,1,291,126.6592522,3,0
2006,7,29.83,80.2,1,1430,453.3079653,39,298
2014,10,29.9563,78.1804,0,290,72.26721191,7,206
2019,8,29.405,79.438,1,2549,452.960207,31,231
2022,3,29.8,80.26,0,1576,5.73293972,25,137
2019,3,29.4015,79.429,0,2055,51.99228263,29,307
2021,6,29.9563,78.1804,1,290,162.1750031,7,206
2005,7,30.28,78.06,1,627,246.6197176,1,0
2025,8,29.94,80.255,1,2093,628.0345192,41,205
2025,12,30.288,78.987,0,680,333.6503763,37,277
2012,3,30.65,79.135,0,3789,35.4979496,42,229
2019,4,30.78,78.53,0,2276,46.7539826,16,306
2023,5,29.9494,78.1616,0,294,82.13289261,4,229
2018,7,30.6185,79.5617,1,1799,259.8040276,34,55
2016,5,29.406,79.455,0,1924,145.5639803,17,22
2021,7,29.3735,79.478,1,1918,732.9697781,20,238
2006,7,30.36,79.05,1,1419,175.2089319,16,0
2006,7,29.79,80.12,1,1043,445.6932211,15,141
2021,2,29.87,77.875,1,268,21.19524741,2,113
2021,7,29.423,79.453,1,1938,734.5491257,37,57
2005,7,29.38,79.431,1,1781,500.2239475,3,74
2016,11,29.755,80.13,0,850,0.0,6,201
2021,10,29.866,77.88,0,267,30.82982826,3,201
2014,1,30.305,78.05,0,647,91.26453066,2,270
2010,9,29.9271,78.108,1,289,515.0849953,3,0
2010,3,29.815,80.155,0,1319,13.63750839,19,281
2014,3,30.28,78.06,0,627,111.0736008,1,0
2008,10,29.79,80.12,0,1043,24.54999161,15,141
2003,9,30.74,78.43,1,1510,122.6426239,46,243
2003,5,30.735,78.46,0,1239,25.70653915,19,257
2007,7,29.372,79.444,1,1632,544.4050131,33,160
2001,1,30.7235,79.0935,0,4277,12.60752964,52,122
2022,4,30.3255,78.04,0,673,0.0,3,270
2013,6,30.8624,78.396,1,2973,563.1773901,39,151
2014,4,29.855,77.905,0,271,14.3773632,4,196
2010,9,29.38,79.431,1,1781,565.8924179,3,74
2013,1,29.9494,78.1616,0,294,75.98987198,4,229
2013,5,29.868,77.893,0,264,18.22414398,5,113
2015,9,29.9271,78.108,1,289,115.5899925,3,0
2019,8,29.3967,79.4549,1,2155,452.960207,30,220
2018,3,29.9271,78.108,0,289,21.40901375,3,0
2022,8,29.861,77.888,1,278,244.6910696,7,188
2010,7,29.855,77.905,1,271,413.3324862,4,196
2019,8,29.392,79.49,1,1999,420.1753359,46,185
2013,10,29.9563,78.1804,0,290,85.53801751,7,206
2022,8,30.3165,78.0322,1,651,361.6954699,3,229
2025,5,29.375,79.451,0,2032,131.182925,14,323
2005,11,30.33,78.025,0,655,9.263410196,1,311
2013,7,30.3165,78.0322,1,651,505.6909094,3,229
2005,7,30.3165,78.0322,1,651,246.6197176,3,229
2025,8,29.868,77.893,1,264,636.7499819,5,113
2014,9,29.868,77.893,1,264,138.6507912,5,113
2003,11,30.738,78.448,0,1388,0.0,11,85
2010,4,29.77,80.158,0,1278,14.40998864,43,228
2019,9,30.86,78.48,1,2579,221.2021561,33,80
2010,9,30.3255,78.04,1,673,624.8260555,3,270
2019,8,29.745,80.145,1,970,376.9682169,26,162
2021,2,29.9191,78.0507,1,273,20.05114746,1,49
2018,1,29.9457,78.1642,0,291,30.37080336,3,0
2007,7,29.3967,79.4549,1,2155,544.4050131,30,220
2018,7,30.292,79.308,1,967,343.3701496,14,259
2008,7,29.79,80.12,1,1043,403.9829664,15,141
2025,8,29.866,77.88,1,267,635.127614,3,201
2021,12,29.9563,78.1804,0,290,10.51964521,7,206
2014,1,29.868,77.893,0,264,72.67284393,5,113
2014,8,30.29,78.08,1,637,406.5409794,4,131
2013,5,29.87,77.875,0,268,16.83317375,2,113
2014,4,29.9457,78.1642,0,291,26.00874472,3,0
2023,7,29.9563,78.1804,1,290,664.2377548,7,206
2025,5,30.3,78.975,0,775,108.7718803,30,155
2019,8,29.755,80.13,1,850,376.9682169,6,201
2023,7,29.859,77.8845,1,266,495.6935511,1,311
2013,1,29.386,79.458,0,1948,89.45280361,27,39
2005,12,29.86,77.895,0,270,6.315538168,2,247
2014,4,30.3165,78.0322,0,651,30.43298602,3,229
2025,8,30.98,78.515,1,4919,546.0764523,8,34
2010,9,29.861,77.888,1,278,468.755065,7,188
2025,7,30.275,78.965,1,622,301.0488547,20,315
2015,12,29.9494,78.1616,0,294,12.17983055,4,229
2006,7,30.312,79.01,1,1080,239.5567265,5,80
2014,8,29.87,77.875,1,268,277.6676617,2,113
2008,7,29.785,80.14,1,842,417.4841118,27,0
2021,7,29.3805,79.464,1,1948,732.9697781,6,251
2021,6,29.861,77.888,1,278,90.4839859,7,188
2021,4,30.29,78.08,0,637,35.61076021,4,131
2014,12,30.312,78.032,0,647,24.01933861,0,0
2014,1,29.868,77.893,0,264,72.67284393,5,113
2013,6,30.4929,79.6304,1,1786,479.0274916,1,90
2017,5,29.905,80.245,0,1854,117.9614115,61,105
2021,12,29.423,79.453,0,1938,18.35067987,37,57
2016,7,29.3967,79.4549,1,2155,1068.630648,30,220
2010,9,30.33,78.025,1,655,624.8260555,1,311
2005,7,29.423,79.453,1,1938,438.701086,37,57
2017,11,29.955,80.26,0,1711,0.0,33,343
2005,10,29.3967,79.4549,0,2155,48.84770107,30,220
2005,12,30.3105,79.067,0,932,12.15880442,16,4
2021,2,30.5355,79.5195,1,1350,39.33466339,34,221
2005,7,29.4015,79.429,1,2055,500.2239475,29,307
2014,9,30.29,78.08,1,637,169.8434753,4,131
2010,12,29.745,80.145,0,970,13.77335012,26,162
2012,10,30.735,78.48,0,1720,34.63794804,45,120
2005,5,29.855,77.905,0,271,12.10037208,4,196
2005,7,30.3,78.075,1,651,281.2818937,4,120
2005,7,29.869,77.89,1,267,207.0405312,2,270
2017,1,29.94,80.255,0,2093,26.0111804,41,205
2010,9,30.7,78.4,1,2003,459.605114,26,208
2005,5,29.77,80.14,0,864,31.70197105,13,185
2012,8,30.658,79.145,1,4205,449.771513,15,298
2016,3,29.9271,78.108,0,289,62.14786959,3,0
2014,9,29.87,77.875,1,268,143.1304779,2,113
2022,12,30.275,78.065,0,624,14.25297594,3,286
2010,7,29.87,77.875,1,268,430.3974733,2,113
2010,5,29.9563,78.1804,0,290,50.16964865,7,206
2021,2,30.745,79.11,1,4547,10.77059245,2,293
2022,11,29.76,80.235,0,1832,0.0,22,92
2025,8,29.96,80.265,1,1829,613.9535828,32,238
2014,11,29.87,77.875,0,268,0.0,2,113
2006,10,29.83,80.2,0,1430,28.51349545,39,298
2019,12,30.86,78.48,0,2579,67.61477995,33,80
2022,9,30.3165,78.0322,1,651,321.3778861,3,229
2016,1,29.785,80.14,0,842,9.320946693,27,0
2017,7,29.96,80.265,1,1829,510.9156089,32,238
2025,11,29.92,80.24,0,1341,628.0345192,40,99
2015,1,29.9563,78.1804,0,290,54.93896675,7,206
2018,7,30.3125,78.045,1,658,603.8738537,4,282
2016,7,29.785,80.14,1,842,583.5368919,27,0
2010,11,29.87,77.875,0,268,0.0,2,113
2021,1,29.855,77.905,0,271,42.01566267,4,196
2013,1,30.305,78.05,0,647,84.55679893,2,270
2010,5,30.27,78.07,0,612,45.02666235,2,113
2021,2,29.861,77.888,1,278,20.67050123,7,188
2016,11,29.38,79.431,0,1781,0.0,3,74
2010,9,30.75,78.5,1,1812,450.7171249,33,172
2010,3,30.78,78.46,0,1501,18.62097907,42,218
2025,3,29.3735,79.478,0,1918,34.59301186,20,238
2019,11,29.423,79.453,0,1938,10.30178571,37,57
2009,8,29.88,80.1,1,1877,351.9206305,30,2
2005,6,29.942,78.165,1,279,53.51698971,1,229
2013,6,29.505,79.512,1,967,572.1833992,32,298
2019,8,29.423,79.453,1,1938,421.4278493,37,57
2013,6,29.401,79.468,1,2131,807.5026302,29,16
2013,12,30.28,78.06,0,627,13.1848197,1,0
2005,7,30.2745,79.017,1,1784,214.8359795,35,216
2014,9,30.3,78.075,1,651,169.8434753,4,120
2013,12,29.38,79.431,0,1781,23.33980083,3,74
2019,3,29.8,80.18,0,1640,43.4380188,13,305
2014,8,29.855,77.905,1,271,258.7602539,4,196
2010,7,29.866,77.88,1,267,406.6293974,3,201
2025,8,30.4929,79.6304,1,1786,458.3400803,1,90
2010,3,29.505,79.512,0,967,22.38793373,32,298
2016,12,30.4929,79.6304,0,1786,11.95214224,1,90
2019,4,29.815,80.155,0,1319,35.44475421,19,281
2010,11,30.691,78.452,0,1638,0.0,33,100
2021,7,29.4015,79.429,1,2055,782.823925,29,307
2009,8,29.885,80.125,1,1664,351.9206305,40,83
2013,9,29.861,77.888,1,278,111.9599986,7,188
2007,4,29.386,79.458,0,1948,22.89524961,27,39
2016,10,29.76,80.16,0,1402,16.08207417,24,316
2021,2,30.741,79.103,1,4428,10.77059245,22,224
2006,7,29.779,80.151,1,1253,452.6492729,18,287
2005,7,29.375,79.451,1,2032,500.2239475,14,323
2021,5,29.9191,78.0507,0,273,74.11000061,1,49
2013,5,29.861,77.888,0,278,18.22414398,7,188
2016,7,29.9191,78.0507,1,273,463.7975149,1,49
2005,7,29.815,80.155,1,1319,334.4261999,19,281
2010,3,29.86,77.895,0,270,10.30946159,2,247
2005,8,29.945,78.162,1,289,155.5921478,2,113
2025,7,30.255,78.95,1,1167,301.2636909,36,181
2019,10,29.38,79.431,0,1781,86.04410744,3,74
2016,4,29.79,80.12,0,1043,9.282939434,15,141
2021,4,29.9563,78.1804,0,290,25.85877347,7,206
2010,9,30.73,78.45,1,1170,434.4190445,21,321
2010,9,29.755,80.13,1,850,366.7701874,6,201
2008,10,29.745,80.145,0,970,22.52127457,26,162
2010,9,29.745,80.145,1,970,366.7701874,26,162
2019,8,30.9,78.54,1,3186,335.4062204,22,97
2010,9,30.28,78.06,1,627,622.6048565,1,0
2010,4,29.9494,78.1616,0,294,9.456821442,4,229
2016,3,29.78,80.165,0,1417,54.61522532,26,320
2012,9,30.545,79.195,1,2881,276.7238808,35,137
2013,6,29.386,79.458,1,1948,807.5026302,27,39
2005,7,29.925,78.152,1,280,256.0588799,1,229
2021,4,29.8645,77.884,0,273,13.23158097,1,131
2010,11,29.861,77.888,0,278,0.0,7,188
2013,10,29.375,79.451,0,2032,333.272583,14,323
2013,12,30.741,79.05,0,4373,7.951270103,17,245
2016,7,29.372,79.444,1,1632,1068.630648,33,160
2008,7,29.83,80.2,1,1430,417.4841118,39,298
2010,3,30.3,78.075,0,651,8.773575544,4,120
2019,12,29.785,80.14,0,842,53.21273804,27,0
2013,6,29.392,79.49,1,1999,807.5026302,46,185
2013,11,30.735,79.06,0,3816,7.355434418,39,113
2008,5,29.785,80.14,0,842,37.00434113,27,0
2012,9,30.525,79.18,1,2454,267.6177635,21,17
2006,7,30.295,79.03,1,848,239.5567265,16,263
2010,10,30.3165,78.0322,0,651,49.144104,3,229
2010,9,29.423,79.453,1,1938,511.1110535,37,57
2013,6,30.293,78.985,1,771,353.8288751,34,111
2012,10,30.66,79.14,0,3922,27.57136106,14,4
2021,1,29.372,79.444,0,1632,62.59720516,33,160
2014,5,30.318,78.038,0,659,57.82096958,1,90
2010,9,29.372,79.444,1,1632,565.8924179,33,160
2005,7,29.861,77.888,1,278,195.2863441,7,188
2021,10,30.28,78.06,0,627,62.15082216,1,0
2010,7,29.868,77.893,1,264,413.3324862,5,113
2005,10,29.855,77.905,0,271,9.447404861,4,196
2005,5,29.423,79.453,0,1938,30.09964657,37,57
2010,6,29.9563,78.1804,1,290,101.7722778,7,206
2025,12,29.905,80.23,0,1757,604.9968948,49,19
2019,5,29.79,80.12,0,1043,32.72887802,15,141
2021,4,29.87,77.875,0,268,11.19464183,2,113
2013,5,29.9457,78.1642,0,291,35.92412567,3,0
2016,7,29.8,80.18,1,1640,583.5368919,13,305
2021,12,29.857,77.8965,0,273,7.621167183,1,49
2008,4,29.815,80.155,0,1319,25.48026896,19,281
2019,8,29.8,80.18,1,1640,384.1326628,13,305
2005,11,29.755,80.13,0,850,0.0,6,201
2025,8,29.392,79.49,1,1999,816.1189003,46,185
2021,5,30.745,79.11,0,4547,144.3205757,2,293
2013,6,29.9457,78.1642,1,291,532.5931044,3,0
2025,11,31.0,78.6,0,4759,613.9951229,8,76
2010,3,29.76,80.16,0,1402,14.4162674,24,316
2005,10,29.94,78.16,0,277,14.25981402,5,123
2012,8,30.726,78.455,1,1536,845.1037788,40,327
2025,8,29.423,79.453,1,1938,794.9849644,37,57
2021,12,30.33,78.025,0,655,12.47031689,1,311
2012,3,30.555,79.205,0,3916,32.18020725,15,196
2014,10,30.275,78.065,0,624,88.14559197,3,286
2025,8,31.0,78.6,1,4759,613.9951229,8,76
2006,7,29.77,80.14,1,864,452.6492729,13,185
2005,10,29.866,77.88,0,267,8.460048199,3,201
2021,1,30.7315,79.115,0,4678,25.53930521,33,145
2013,4,30.4929,79.6304,0,1786,42.1419518,1,90
2017,1,29.905,80.23,0,1757,26.25507307,49,19
2016,7,29.375,79.451,1,2032,1068.630648,14,323
2010,9,30.3,78.075,1,651,642.4769363,4,120
2013,6,29.3967,79.4549,1,2155,799.3527603,30,220
2005,7,29.745,80.145,1,970,326.3444977,26,162
2025,11,29.861,77.888,0,278,636.7499819,7,188
2001,12,30.72,79.095,0,3991,9.967673063,37,132
2010,7,30.29,78.08,1,637,572.4291,4,131
2019,8,29.505,79.512,1,967,310.3843279,32,298
2016,7,29.815,80.155,1,1319,583.5368919,19,281
2005,7,29.92,78.15,1,278,256.0588799,1,311
2019,8,30.78,78.53,1,2276,483.6925488,16,306
2005,12,29.861,77.888,0,278,6.315538168,7,188
2014,3,30.29,78.08,0,637,104.8711872,4,131
2005,3,29.8,80.17,0,1290,46.81028891,22,291
2018,7,30.2234,79.4484,1,1553,354.7575092,27,17
2005,4,29.915,78.142,0,277,6.683107376,2,30
2021,6,30.3255,78.04,1,673,170.1439495,3,270
2025,4,29.9563,78.1804,0,290,13.08134151,7,206
2016,1,30.2234,79.4484,0,1553,17.89693022,27,17
2016,7,29.405,79.438,1,2549,1068.630648,31,231
2005,11,30.3035,79.0405,0,915,0.0,12,90
2014,1,30.3165,78.0322,0,651,91.26453066,3,229
2023,7,29.9494,78.1616,1,294,664.2377548,4,229
2025,8,30.1,79.52,1,2055,519.3911362,31,230
2017,11,29.96,80.265,0,1829,0.0,32,238
2006,5,29.785,80.14,0,842,111.4651766,27,0
2013,11,29.505,79.512,0,967,0.0,32,298
2018,7,29.9494,78.1616,1,294,520.5355978,4,229
2025,1,29.925,80.235,0,1117,9.171513557,18,346
2005,7,30.275,78.065,1,624,281.2818937,3,286
2025,8,29.905,80.245,1,1854,604.9968948,61,105
2014,9,29.9271,78.108,1,289,155.6027422,3,0
2013,6,30.6185,79.5617,1,1799,390.4078274,34,55
2017,5,29.895,80.215,0,1224,98.81368017,43,247
2010,7,30.28,78.06,1,627,514.0097728,1,0
2005,12,29.38,79.431,0,1781,15.4087615,3,74
2019,8,29.8,80.17,1,1290,384.1326628,22,291
2003,11,30.745,78.445,0,1485,0.0,20,87
2013,6,30.4929,79.6304,1,1786,479.0274916,1,90
2010,10,29.855,77.905,0,271,15.34690404,4,196
2006,7,29.8,80.17,1,1290,453.3079653,22,291
2010,7,29.861,77.888,1,278,413.3324862,7,188
2014,8,30.3255,78.04,1,673,406.978178,3,270
2021,6,29.9494,78.1616,1,294,162.1750031,4,229
2021,2,30.3165,78.0322,1,651,22.93864632,3,229
2008,11,29.76,80.16,0,1402,0.0,24,316
2019,8,30.145,79.48,1,2462,364.8404217,23,115
2016,7,30.2554,79.4472,1,1328,419.9154472,25,297
2016,7,29.76,80.16,1,1402,589.9577522,24,316
2007,10,29.392,79.49,0,1999,43.14844406,46,185
2021,12,30.6185,79.5617,0,1799,15.32280254,34,55
2005,7,29.93,78.155,1,281,251.9564385,2,210
2016,7,29.9457,78.1642,1,291,506.0624113,3,0
2025,4,30.085,79.5,0,1537,21.4182303,27,114
2017,7,29.935,80.25,1,1743,536.3781862,29,163
2019,10,29.405,79.438,0,2549,86.04410744,31,231
2010,10,29.9457,78.1642,0,291,24.31695151,3,0
2013,6,29.861,77.888,1,278,307.2198505,7,188
2022,7,30.3,78.075,1,651,466.4283037,4,120
2013,6,29.423,79.453,1,1938,747.6418762,37,57
2001,7,30.7235,79.0935,1,4277,162.2944012,52,122
2018,12,30.0547,79.4992,0,1610,11.01739073,17,72
2014,8,30.3,78.075,1,651,406.5409794,4,120
2010,9,29.9191,78.0507,1,273,510.7161999,1,49
2021,6,30.305,78.045,1,637,171.9639645,4,102
2016,7,29.423,79.453,1,1938,964.5526619,37,57
2021,1,30.42,79.33,0,1441,33.29329157,28,220
2019,9,30.6185,79.5617,1,1799,160.4514732,34,55
2005,7,29.83,80.2,1,1430,334.4261999,39,298
2016,7,29.9563,78.1804,1,290,506.0624113,7,206
2022,7,29.861,77.888,1,278,365.0304489,7,188
2025,8,29.406,79.455,1,1924,850.0562687,17,22
2010,7,30.275,78.065,1,624,572.4291,3,286
2005,11,30.3255,78.04,0,673,9.263410196,3,270
2006,7,29.77,80.158,1,1278,452.6492729,43,228
2021,10,30.4929,79.6304,0,1786,59.2769165,1,90
2013,7,30.29,78.08,1,637,554.2562876,4,131
2024,6,29.9271,78.108,1,289,97.88049841,3,0
2001,5,30.725,79.09,0,4285,42.86598778,42,254
2013,6,29.9494,78.1616,1,294,532.5931044,4,229
2022,7,30.29,78.08,1,637,466.4283037,4,131
2016,6,30.2234,79.4484,1,1553,125.4926081,27,17
2014,8,29.861,77.888,1,278,258.7602539,7,188
2014,8,29.857,77.8965,1,273,258.7602539,1,49
2022,7,29.77,80.25,1,1847,388.8006649,25,86
2013,7,29.861,77.888,1,278,412.1243858,7,188
2006,7,30.26,78.965,1,1247,209.3776169,51,261
2012,4,30.656,79.142,0,4112,68.59878588,14,44
2005,11,29.372,79.444,0,1632,0.0,33,160
2016,11,29.392,79.49,0,1999,0.0,46,185
2007,7,29.392,79.49,1,1999,518.938035,46,185
2005,10,29.866,77.88,0,267,8.460048199,3,201
2005,5,29.406,79.455,0,1924,31.12486172,17,22
2005,8,29.8645,77.884,1,273,123.5135794,1,131
2019,12,29.8,80.17,0,1290,53.21273804,22,291
2005,8,29.866,77.88,1,267,121.1422691,3,201
2025,12,30.255,78.95,0,1167,341.934123,36,181
2022,1,29.855,77.905,0,271,132.1850395,4,196
2019,10,29.3805,79.464,0,1948,80.64058065,6,251
2021,2,29.9271,78.108,1,289,19.18925309,3,0
2025,5,29.87,77.875,0,268,49.51765972,2,113
2010,9,29.8,80.18,1,1640,378.4514656,13,305
2005,7,29.755,80.13,1,850,326.3444977,6,201
2003,4,30.72,78.44,0,1181,27.70448983,24,49
2019,1,29.77,80.14,0,864,38.97662735,13,185
2016,7,29.79,80.12,1,1043,581.656867,15,141
2013,4,30.28,78.06,0,627,14.2497561,1,0
2022,8,30.29,78.08,1,637,376.4155951,4,131
2022,1,30.305,78.05,0,647,154.2407494,2,270
2001,7,30.72,79.095,1,3991,187.5403891,37,132
2013,3,29.861,77.888,0,278,18.45215392,7,188
2005,6,29.95,78.17,1,284,53.51698971,4,120
2014,12,29.855,77.905,0,271,14.90006828,4,196
2003,9,30.73,78.45,1,1170,122.6426239,21,321
2025,5,29.3967,79.4549,0,2155,131.182925,30,220
2010,1,29.375,79.451,0,2032,30.87733746,14,323
2013,4,29.392,79.49,0,1999,16.4344511,46,185
2025,8,29.895,80.215,1,1224,590.8713017,43,247
2025,8,31.01,78.53,1,5773,623.8626213,41,115
2003,5,30.715,78.46,0,1642,21.80150986,38,320
2005,7,29.91,78.145,1,275,244.0709314,0,0
2022,7,29.868,77.893,1,264,365.0304489,5,113
2005,7,29.77,80.158,1,1278,326.3444977,43,228
2007,7,29.3735,79.478,1,1918,518.938035,20,238
2007,12,29.405,79.438,0,2549,10.945678,31,231
2010,1,30.33,78.025,0,655,31.16722059,1,311
2010,7,29.86,77.895,1,270,413.3324862,2,247
2010,9,29.76,80.16,1,1402,366.7701874,24,316
2024,6,29.9494,78.1616,1,294,120.6757898,4,229
2016,7,29.3735,79.478,1,1918,997.9827194,20,238
2010,3,30.3165,78.0322,0,651,9.252862692,3,229
2010,7,29.857,77.8965,1,273,413.3324862,1,49
2005,8,30.34,78.02,1,676,171.5568008,1,90
2019,8,29.79,80.12,1,1043,372.8394775,15,141
2019,11,29.83,80.2,0,1430,25.83223022,39,298
2005,5,30.27,78.07,0,612,20.55991745,2,113
2021,12,30.741,79.103,0,4428,8.426108956,22,224
2010,11,30.29,78.08,0,637,19.77627468,4,131
2014,8,30.312,78.032,1,647,375.8244705,0,0
2019,8,29.77,80.14,1,864,376.9682169,13,185
2018,5,30.6185,79.5617,0,1799,81.12638426,34,55
2018,1,30.4929,79.6304,0,1786,31.31370926,1,90
2025,8,29.92,80.24,1,1341,628.0345192,40,99
2021,7,29.38,79.431,1,1781,782.823925,3,74
2009,8,29.865,80.095,1,1542,358.7802811,33,256
2010,5,30.305,78.045,0,637,47.33368063,4,102
2019,8,30.82,78.55,1,3508,460.0046902,35,159
2013,1,30.741,79.05,0,4373,43.00586462,17,245
2005,10,29.815,80.155,0,1319,19.39001083,19,281
2010,9,29.4015,79.429,1,2055,565.8924179,29,307
2005,7,29.785,80.14,1,842,334.4261999,27,0
2021,7,29.505,79.512,1,967,460.1836224,32,298
2016,12,30.288,78.987,0,680,13.34771013,37,277
2010,9,29.3805,79.464,1,1948,532.4529343,6,251
2017,7,29.915,80.225,1,1474,536.3781862,29,342
2016,1,29.77,80.158,0,1278,9.172973633,43,228
2010,1,30.31,78.02,0,630,31.09768152,3,270
2021,3,29.406,79.455,0,1924,17.0913353,17,22
2010,5,30.34,78.02,0,676,45.91402388,1,90
2006,5,29.76,80.16,0,1402,118.7736182,24,316
2019,8,29.779,80.151,1,1253,376.9682169,18,287
2010,3,30.3255,78.04,0,673,9.64834404,3,270
2014,1,29.857,77.8965,0,273,72.67284393,1,49
2010,6,29.9271,78.108,1,289,78.86483002,3,0
2014,1,29.861,77.888,0,278,72.67284393,7,188
2021,2,30.6185,79.5617,1,1799,22.93778801,34,55
2005,3,30.3255,78.04,0,673,35.51081848,3,270
2016,7,29.9271,78.108,1,289,490.2773228,3,0
2003,9,30.715,78.46,1,1642,141.0317039,38,320
2014,12,29.9494,78.1616,0,294,20.47844219,4,229
2021,12,29.9191,78.0507,0,273,8.421699524,1,49
2025,1,29.9457,78.1642,0,291,27.94416714,3,0
2022,11,29.868,77.893,0,264,0.0,5,113
2019,12,29.3967,79.4549,0,2155,63.46712589,30,220
2009,1,29.875,80.115,0,1840,19.09201819,17,318
2025,5,29.857,77.8965,0,273,51.75371876,1,49
2006,7,30.288,78.987,1,680,209.3776169,37,277
2013,6,29.38,79.431,1,1781,799.3527603,3,74
2005,5,29.392,79.49,0,1999,30.630476,46,185
2005,8,30.3165,78.0322,1,651,150.3767624,3,229
2013,6,29.3735,79.478,1,1918,807.5026302,20,238
2010,7,30.312,78.032,1,647,514.0097728,0,0
2012,8,30.65,79.135,1,3789,457.0469437,42,229
2009,5,29.88,80.1,0,1877,71.7174449,30,2
2016,10,29.423,79.453,0,1938,47.54749298,37,57
2017,7,29.955,80.26,1,1711,536.3781862,33,343
2019,8,29.401,79.468,1,2131,420.1753359,29,16
2021,10,29.868,77.893,0,264,32.42049503,5,113
2025,5,29.895,80.215,0,1224,94.73297787,43,247
2013,7,29.869,77.89,1,267,432.7956505,2,270
2005,3,30.3,78.075,0,651,37.44690692,4,120
2025,8,31.12,78.53,1,4309,430.1561413,14,328
2019,3,29.386,79.458,0,1948,44.70063114,27,39
2010,9,29.9457,78.1642,1,291,525.3573856,3,0
2013,6,30.3165,78.0322,1,651,576.8917837,3,229
2010,12,29.38,79.431,0,1781,18.9933517,3,74
2022,5,30.3,78.075,0,651,85.66303253,4,120
2005,7,29.372,79.444,1,1632,500.2239475,33,160
2010,9,30.3165,78.0322,1,651,622.6048565,3,229
2016,7,29.755,80.13,1,850,589.9577522,6,201
2008,7,29.745,80.145,1,970,394.7265291,26,162
2005,7,29.406,79.455,1,1924,500.2239475,17,22
2022,5,29.861,77.888,0,278,48.12158203,7,188
2021,11,30.507,79.128,0,1876,5.68954587,47,145
2021,5,29.9494,78.1616,0,294,108.4641495,4,229
2021,6,29.87,77.875,1,268,90.48773575,2,113
2016,5,29.405,79.438,0,2549,145.5639803,31,231
2005,7,30.3275,79.08,1,1582,162.1966352,42,136
2015,5,29.9191,78.0507,0,273,22.8681879,1,49
2005,4,29.375,79.451,0,2032,12.22484398,14,323
2005,7,29.77,80.14,1,864,326.3444977,13,185
2010,1,29.386,79.458,0,1948,29.77327776,27,39
2010,9,30.85,78.55,1,3594,391.0349579,18,291
2010,3,30.28,78.06,0,627,9.252862692,1,0
2010,9,29.8,80.17,1,1290,378.4514656,22,291
2016,12,29.8,80.18,0,1640,7.03139782,13,305
2019,11,30.6185,79.5617,0,1799,45.89482908,34,55
2018,3,29.9563,78.1804,0,290,21.16342926,7,206
2014,5,29.861,77.888,0,278,33.2298975,7,188
2006,7,29.745,80.145,1,970,452.6492729,26,162
2018,7,30.0547,79.4992,1,1610,385.9901218,17,72
2010,10,30.295,78.055,0,631,49.144104,2,150
2013,6,30.286,78.99,1,834,353.8288751,34,27
2025,5,29.94,80.255,0,2093,112.3145977,41,205
2019,11,30.95,78.56,0,4306,18.956979,13,0
2021,5,29.9457,78.1642,0,291,108.4641495,3,0
2021,6,30.27,78.07,1,612,173.5960884,2,113
2025,5,29.935,80.25,0,1743,112.3145977,29,163
2013,10,30.8624,78.396,0,2973,78.46817017,39,151
2021,11,30.3255,78.04,0,673,9.046174526,3,270
2016,1,29.868,77.893,0,264,27.17855072,5,113
2019,5,30.205,79.4,0,2283,17.78443146,26,102
2008,1,29.8,80.18,0,1640,17.02496994,13,305
2018,7,29.9271,78.108,1,289,553.7212448,3,0
2001,7,30.722,79.085,1,4020,187.5403891,29,314
2007,7,29.3805,79.464,1,1948,518.938035,6,251
2013,5,29.857,77.8965,0,273,18.22414398,1,49
2009,8,29.89,80.09,1,2201,351.9206305,12,226
2013,11,29.861,77.888,0,278,0.0,7,188
2005,12,30.29,78.08,0,637,8.18302536,4,131
2009,8,29.86,80.1,1,1521,358.7802811,28,210
2009,10,29.87,80.08,0,1540,106.7633095,22,247
2025,8,29.386,79.458,1,1948,816.1189003,27,39
2019,8,30.205,79.4,1,2283,346.3965282,26,102
2013,6,30.735,79.06,1,3816,1033.740307,39,113
2021,7,29.392,79.49,1,1999,732.9697781,46,185
2005,10,29.401,79.468,0,2131,45.27783871,29,16
2016,1,30.0808,79.4908,0,1250,18.82824945,37,74
2005,12,29.505,79.512,0,967,10.75894153,32,298
2010,1,30.85,78.55,0,3594,34.46896267,18,291
2010,9,29.83,80.2,1,1430,378.4514656,39,298
2016,1,29.375,79.451,0,2032,28.17877197,14,323
2014,1,30.3255,78.04,0,673,91.33255196,3,270
2012,11,30.76,78.485,0,1683,0.0,35,307
2021,3,29.405,79.438,0,2549,17.0913353,31,231
2021,4,30.29,78.08,0,637,35.61076021,4,131
2010,11,29.4015,79.429,0,2055,7.03602314,29,307
2013,5,30.285,78.385,0,1142,27.0946784,28,330
2012,5,30.652,79.138,0,4037,17.70020103,35,163
2007,3,29.38,79.431,0,1781,77.26964283,3,74
2013,6,29.9191,78.0507,1,273,412.3484707,1,49
2025,7,30.2925,78.9825,1,795,301.0488547,25,260
2021,7,29.405,79.438,1,2549,782.823925,31,231
2005,8,30.28,78.06,1,627,150.3767624,1,0
2019,3,29.401,79.468,0,2131,44.70063114,29,16
2010,9,30.305,78.045,1,637,622.6048565,4,102
2024,6,29.9563,78.1804,1,290,120.6757898,7,206
2019,8,29.38,79.431,1,1781,452.960207,3,74
2014,4,29.9563,78.1804,0,290,26.00874472,7,206
2013,6,29.406,79.455,1,1924,799.3527603,17,22
2009,12,29.9,80.11,0,1570,7.087812424,24,134
2018,7,29.9191,78.0507,1,273,554.6706891,1,49
2012,4,30.75,78.44,0,1528,82.73632813,15,94
2010,9,30.78,78.46,1,1501,428.4154816,42,218
2014,11,29.9457,78.1642,0,291,0.0,3,0
2010,1,29.868,77.893,0,264,25.25801182,5,113
2013,5,30.288,78.987,0,680,26.3769021,37,277
2013,4,29.869,77.89,0,267,9.081619263,2,270
2007,3,29.505,79.512,0,967,71.53854036,32,298
2021,6,30.3,78.075,1,651,173.5960884,4,120
2010,3,29.779,80.151,0,1253,14.4162674,18,287
2013,12,30.65,78.43,0,1406,18.11077452,24,211
2006,10,30.288,78.987,0,680,26.35656357,37,277
2013,6,29.87,77.875,1,268,297.1319218,2,113
2016,12,29.83,80.2,0,1430,7.03139782,39,298
2005,5,30.3165,78.0322,0,651,21.05154419,3,229
2013,3,30.288,78.987,0,680,30.21228361,37,277
2021,12,30.3165,78.0322,0,651,11.41342735,3,229
2014,8,30.318,78.038,1,659,375.8244705,1,90
2007,7,29.423,79.453,1,1938,499.0587139,37,57
2010,4,29.868,77.893,0,264,5.213378906,5,113
2022,11,29.785,80.24,0,1826,0.0,3,254
2003,1,30.73,78.45,0,1170,25.65308285,21,321
2021,1,29.855,77.905,0,271,42.01566267,4,196
2025,8,30.288,78.987,1,680,333.6503763,37,277
2005,7,29.86,77.895,1,270,195.2863441,2,247
2013,6,30.312,78.032,1,647,576.8917837,0,0
2005,7,30.31,78.05,1,658,246.6197176,3,159
2010,4,30.73,78.45,0,1170,19.38574934,21,321
2025,8,29.935,80.25,1,1743,628.0345192,29,163
2022,7,29.755,80.265,1,1401,334.6626234,20,303
2025,8,29.405,79.438,1,2549,850.0562687,31,231
2017,7,29.905,80.245,1,1854,557.4619093,61,105
2013,1,30.29,78.08,0,637,83.95444679,4,131
2012,8,30.66,79.14,1,3922,457.0469437,14,4
2025,4,29.91,80.22,0,1201,22.92444682,45,4
2012,8,30.7,78.47,1,1417,851.5246353,22,326
2010,10,29.866,77.88,0,267,13.74598837,3,201
2014,1,29.869,77.89,0,267,75.16206074,2,270
2016,7,29.78,80.165,1,1417,583.5368919,26,320
2010,9,30.691,78.452,1,1638,459.605114,33,100
2019,8,29.372,79.444,1,1632,452.960207,33,160
2010,9,29.855,77.905,1,271,468.755065,4,196
2021,6,29.855,77.905,1,271,90.4839859,4,196
2022,3,29.795,80.235,0,1621,5.73293972,28,17
2025,4,29.423,79.453,0,1938,24.58490705,37,57
2022,8,30.28,78.06,1,627,361.6954699,1,0
2025,4,29.9271,78.108,0,289,11.93055439,3,0
2019,12,29.745,80.145,0,970,50.28603077,26,162
2022,4,30.33,78.025,0,655,0.0,1,311
2025,8,29.9191,78.0507,1,273,695.9171371,1,49
2010,11,30.28,78.06,0,627,24.342134,1,0
2007,7,29.401,79.468,1,2131,518.938035,29,16
2021,10,29.401,79.468,0,2131,230.0450954,29,16
2013,6,30.28,78.06,1,627,576.8917837,1,0
2017,7,29.92,80.24,1,1341,536.3781862,40,99
2007,12,29.375,79.451,0,2032,10.945678,14,323
2021,6,30.28,78.06,1,627,171.9639645,1,0
2023,5,29.9191,78.0507,0,273,55.16408634,1,49
2022,12,30.3,78.075,0,651,14.25297594,4,120
2016,1,29.87,77.88,0,268,27.06195974,4,300
2010,11,30.81,78.48,0,2501,0.0,28,315
2022,7,29.805,80.225,1,1717,401.34023,11,105
2018,1,29.865,77.885,0,267,25.32375336,8,97
2019,8,30.1,79.52,1,2055,335.9294481,31,230
2014,9,29.9563,78.1804,1,290,148.2458553,7,206
2021,2,30.3255,78.04,1,673,23.60157394,3,270
2005,4,29.93,78.155,0,281,6.748396873,2,210
2009,8,29.86,80.12,1,1840,358.7802811,28,174
2013,11,29.8645,77.884,0,273,0.0,1,131
2009,12,29.895,80.105,0,1758,7.087812424,50,29
2013,6,30.275,78.065,1,624,601.3838215,3,286
2008,7,29.77,80.14,1,864,394.7265291,13,185
2013,6,29.405,79.438,1,2549,799.3527603,31,231
2010,5,29.857,77.8965,0,273,26.72424603,1,49
2016,10,29.3805,79.464,0,1948,45.37932587,6,251
2012,8,30.75,78.44,1,1528,845.1037788,15,94
2021,2,30.42,79.33,1,1441,18.9849205,28,220
2025,5,29.93,80.21,0,1512,84.56725311,48,223
2016,7,30.6185,79.5617,1,1799,300.0594177,34,55
2007,11,29.423,79.453,0,1938,0.0,37,57
2009,8,29.88,80.13,1,1503,349.7590103,39,114
2008,11,29.779,80.151,0,1253,0.0,18,287
2010,7,30.32,78.03,1,653,598.7223358,2,150
2025,8,29.857,77.8965,1,273,636.7499819,1,49
2010,9,29.3967,79.4549,1,2155,565.8924179,30,220
2005,5,30.3165,78.0322,0,651,21.05154419,3,229
2005,5,29.76,80.16,0,1402,31.70197105,24,316
2016,7,29.9494,78.1616,1,294,506.0624113,4,229
2013,6,29.372,79.444,1,1632,799.3527603,33,160
2019,8,29.406,79.455,1,1924,452.960207,17,22
2021,6,29.8645,77.884,1,273,90.4839859,1,131
2014,3,30.33,78.025,0,655,101.9614801,1,311
2013,6,30.735,79.06,1,3816,1033.740307,39,113
2010,10,29.3967,79.4549,0,2155,47.51398492,30,220
2021,2,30.515,79.125,1,2169,13.40242219,15,112
2012,4,30.545,79.195,0,2881,66.88883281,35,137
2022,9,29.861,77.888,1,278,256.11869,7,188
2005,11,29.869,77.89,0,267,0.0,2,270
2019,3,30.145,79.48,0,2462,69.17804956,23,115
2022,10,30.3165,78.0322,0,651,129.1020375,3,229
2019,5,30.85,78.6,0,2337,14.65537715,21,42
2021,11,29.861,77.888,0,278,0.0,7,188
2019,8,29.386,79.458,1,1948,420.1753359,27,39
2005,4,29.955,78.168,0,308,6.748396873,14,163
2007,5,29.3735,79.478,0,1918,94.31809425,20,238
2022,9,29.868,77.893,1,264,256.11869,5,113
2013,1,30.318,78.038,0,659,84.55679893,1,90
2005,11,29.3805,79.464,0,1948,0.0,6,251
2008,7,29.755,80.13,1,850,394.7265291,6,201
2010,5,30.312,78.032,0,647,47.33368063,0,0
2025,8,29.38,79.431,1,1781,850.0562687,3,74
2012,8,30.652,79.138,1,4037,457.0469437,35,163
2016,7,29.392,79.49,1,1999,997.9827194,46,185
2014,9,30.3165,78.0322,1,651,172.8972816,3,229
2012,3,30.659,79.132,0,3851,35.4979496,43,240
2021,7,29.406,79.455,1,1924,782.823925,17,22
2022,7,29.785,80.215,1,2033,401.5817595,22,10
2012,4,30.565,79.215,0,3536,66.88883281,35,59
2005,10,30.28,78.06,0,627,21.60370874,1,0
2022,7,30.305,78.05,1,647,437.3847017,2,270
2014,8,29.9457,78.1642,1,291,305.8514853,3,0
2016,4,29.77,80.14,0,864,9.664737463,13,185
2025,8,29.9563,78.1804,1,290,658.2400093,7,206
2022,3,30.3255,78.04,0,673,6.689614534,3,270
2013,12,30.33,78.025,0,655,14.12075138,1,311
2010,9,29.9563,78.1804,1,290,525.3573856,7,206
2022,8,29.855,77.905,1,271,244.6910696,4,196
2025,8,29.87,77.875,1,268,670.9796124,2,113
2005,11,30.275,78.065,0,624,8.625605717,3,286
2023,7,29.9457,78.1642,1,291,664.2377548,3,0
2013,12,30.735,79.06,0,3816,7.946943283,39,113
2013,6,30.29,78.982,1,769,353.8288751,47,278
2013,6,30.3255,78.04,1,673,593.9466543,3,270
2013,4,30.3165,78.0322,0,651,14.2497561,3,229
2021,11,29.9494,78.1616,0,294,0.0,4,229
2022,11,29.805,80.225,0,1717,0.0,11,105
2009,1,29.88,80.13,0,1503,19.57697803,39,114
2017,10,29.92,80.24,0,1341,15.59205961,40,99
2019,8,31.01,78.52,1,5345,406.9953194,32,308
2010,7,29.869,77.89,1,267,424.8943701,2,270
2010,11,29.9494,78.1616,0,294,8.53442049,4,229
2010,7,30.3165,78.0322,1,651,514.0097728,3,229
2009,1,29.89,80.09,0,2201,19.09201819,12,226
2022,1,29.755,80.265,0,1401,55.52133369,20,303
2006,5,30.295,79.03,0,848,78.08186817,16,263
2025,12,29.9191,78.0507,0,273,695.9171371,1,49
2017,12,29.915,80.225,0,1474,8.774335861,29,342
2021,2,30.735,79.12,1,4765,10.77059245,35,142
2016,10,29.855,77.905,0,271,17.60688591,4,196
2025,8,29.375,79.451,1,2032,850.0562687,14,323
2025,10,29.95,80.26,0,2189,628.0345192,48,353
2005,5,29.869,77.89,0,267,13.78002739,2,270
2007,10,29.4015,79.429,0,2055,43.15776324,29,307
2012,5,30.7,78.47,0,1417,24.37523174,22,326
2016,7,29.38,79.431,1,1781,1068.630648,3,74
2016,7,30.288,78.987,1,680,376.7404671,37,277
2019,1,31.01,78.52,0,5345,58.01791281,32,308
2010,4,30.75,78.5,0,1812,17.74658632,33,172
2012,1,30.69,78.455,0,1687,47.30554199,30,343
2017,7,29.93,80.21,1,1512,553.2365189,48,223
2009,8,29.9,80.11,1,1570,351.9206305,24,134
2005,7,30.315,79.055,1,938,223.0379543,17,299
2014,8,30.305,78.05,1,647,375.8244705,2,270
2023,12,29.9271,78.108,0,289,7.792206287,3,0
2010,12,30.275,78.065,0,624,31.6948576,3,286
2006,5,29.8,80.18,0,1640,111.4651766,13,305
2025,11,29.866,77.88,0,267,635.127614,3,201
2005,8,29.955,78.168,1,308,155.5921478,14,163
2010,12,30.3,78.075,0,651,31.6948576,4,120
2024,11,29.9271,78.108,0,289,0.0,3,0
2005,7,30.33,78.025,1,655,278.4688091,1,311
2005,7,30.29,78.08,1,637,281.2818937,4,131
2021,2,30.7315,79.115,1,4678,10.77059245,33,145
2019,8,29.76,80.16,1,1402,376.9682169,24,316
2019,8,29.77,80.158,1,1278,376.9682169,43,228
2005,3,29.945,78.162,0,289,29.25965458,2,113
2022,7,29.775,80.245,1,1966,388.8006649,18,38
2012,8,30.656,79.142,1,4112,449.771513,14,44
2024,6,29.9457,78.1642,1,291,120.6757898,3,0
2019,5,29.372,79.444,0,1632,33.12652683,33,160
2019,4,29.77,80.158,0,1278,36.3483582,43,228
2016,7,29.505,79.512,1,967,620.332274,32,298
2014,1,30.29,78.08,0,637,90.86253214,4,131
2013,1,30.6185,79.5617,0,1799,59.41995239,34,55
2010,3,29.392,79.49,0,1999,20.61493111,46,185
2010,7,30.318,78.038,1,659,514.0097728,1,90
2013,10,29.3805,79.464,0,1948,303.2428818,6,251
2025,4,30.2925,78.9825,0,795,22.19092155,25,260
2013,6,29.4015,79.429,1,2055,799.3527603,29,307
2018,4,30.2234,79.4484,0,1553,47.52985406,27,17
2005,7,29.857,77.8965,1,273,195.2863441,1,49
2025,8,30.2234,79.4484,1,1553,552.0964375,27,17
2021,2,30.275,78.065,1,624,21.57310104,3,286
2010,3,29.3735,79.478,0,1918,20.61493111,20,238
2025,4,29.3805,79.464,0,1948,23.50132751,6,251
2021,11,29.9457,78.1642,0,291,0.0,3,0
2005,10,29.91,78.145,0,275,14.84899092,0,0
2018,10,29.9494,78.1616,0,294,19.50582886,4,229
2013,12,29.406,79.455,0,1924,23.33980083,17,22
2014,12,30.3,78.075,0,651,24.42220879,4,120
2023,12,29.861,77.888,0,278,7.07273984,7,188
2008,7,29.77,80.158,1,1278,394.7265291,43,228
2001,1,30.718,79.092,0,4198,13.17847347,56,109
2017,7,29.895,80.215,1,1224,546.1192865,43,247
2005,7,29.8645,77.884,1,273,195.2863441,1,131
2018,7,29.8625,77.89,1,271,471.5825491,1,0
2013,7,29.8645,77.884,1,273,412.1243858,1,131
2006,11,30.312,79.01,0,1080,0.0,5,80
2022,7,29.87,77.875,1,268,367.6137886,2,113
2009,8,29.875,80.115,1,1840,351.9206305,17,318
2010,3,29.869,77.89,0,267,10.86788177,2,270
2019,5,29.406,79.455,0,1924,33.12652683,17,22
2021,11,29.87,77.875,0,268,0.0,2,113
2016,7,29.77,80.158,1,1278,589.9577522,43,228
2001,7,30.725,79.09,1,4285,162.2944012,42,254
2006,10,29.77,80.14,0,864,30.66490841,13,185
2005,1,29.83,80.2,0,1430,29.25713706,39,298
2005,7,29.3967,79.4549,1,2155,500.2239475,30,220
2013,6,29.857,77.8965,1,273,307.2198505,1,49
2010,11,29.401,79.468,0,2131,6.730749607,29,16
2018,7,30.4929,79.6304,1,1786,316.6184874,1,90
2008,10,29.755,80.13,0,850,22.52127457,6,201
2003,9,30.735,78.46,1,1239,122.6426239,19,257
2024,6,29.9191,78.0507,1,273,95.41239285,1,49
2021,2,29.9494,78.1616,1,294,19.39954066,4,229
2017,3,29.93,80.21,0,1512,18.98374152,48,223
2025,1,30.275,78.965,0,622,17.50142002,20,315
2005,7,29.505,79.512,1,967,261.3319159,32,298
2018,3,30.292,79.308,0,967,48.35115004,14,259
2025,8,29.915,80.225,1,1474,628.0345192,29,342
2003,9,30.738,78.448,1,1388,122.6426239,11,85
2013,6,30.318,78.038,1,659,576.8917837,1,90
2006,11,29.745,80.145,0,970,5.888913512,26,162
2005,4,29.87,77.875,0,268,4.096798658,2,113
2021,2,29.857,77.8965,1,273,20.67050123,1,49
2006,11,29.815,80.155,0,1319,5.739322782,19,281
2010,9,29.3735,79.478,1,1918,532.4529343,20,238
2021,2,29.855,77.905,1,271,20.67050123,4,196
2025,3,29.855,77.905,0,271,36.29981995,4,196
2005,3,30.3,78.075,0,651,37.44690692,4,120
2005,8,30.3255,78.04,1,673,171.5568008,3,270
2013,5,29.401,79.468,0,2131,44.71625519,29,16
2005,12,29.745,80.145,0,970,9.868634701,26,162
2013,6,29.9271,78.108,1,289,418.0742397,3,0
2013,6,30.73,78.45,1,1170,522.245079,21,321
2019,8,30.95,78.56,1,4306,363.8654137,13,0
2016,7,30.4929,79.6304,1,1786,320.2498608,1,90
2022,7,30.3255,78.04,1,673,492.0625916,3,270
2010,5,29.3805,79.464,0,1948,52.96572828,6,251
2010,10,29.405,79.438,0,2549,47.51398492,31,231
2016,11,30.2554,79.4472,0,1328,7.680247068,25,297
2013,5,30.312,78.032,0,647,30.29881573,0,0
2025,7,30.31,79.0,1,1044,301.0488547,20,255
2022,7,29.8,80.26,1,1576,401.34023,25,137
2013,10,29.3735,79.478,0,1918,303.2428818,20,238
2005,11,30.284,79.029,0,1366,0.0,45,304
2021,1,29.38,79.431,0,1781,62.59720516,3,74
2021,6,29.9457,78.1642,1,291,162.1750031,3,0
2010,11,29.9271,78.108,0,289,8.105571032,3,0
2010,9,29.405,79.438,1,2549,565.8924179,31,231
2016,7,29.3805,79.464,1,1948,997.9827194,6,251
2001,10,30.728,79.088,0,4278,11.7641573,44,196
2025,4,30.2234,79.4484,0,1553,29.32021189,27,17
2005,7,29.779,80.151,1,1253,326.3444977,18,287
2019,12,29.392,79.49,0,1999,56.81335449,46,185
2014,8,29.868,77.893,1,264,258.7602539,5,113
2012,9,30.555,79.205,1,3916,276.7238808,15,196
2013,12,29.3967,79.4549,0,2155,23.33980083,30,220
2025,8,29.372,79.444,1,1632,850.0562687,33,160
2012,8,30.735,78.48,1,1720,864.6347027,45,120
2025,8,29.86,77.895,1,270,636.7499819,2,247
2005,11,29.3735,79.478,0,1918,0.0,20,238
2010,9,29.77,80.158,1,1278,366.7701874,43,228
2013,1,30.3165,78.0322,0,651,84.55679893,3,229
2005,8,30.29,78.08,1,637,164.670784,4,131
2025,8,29.505,79.512,1,967,586.4853764,32,298
2025,8,29.3805,79.464,1,1948,816.1189003,6,251
2007,7,29.505,79.512,1,967,293.3183393,32,298
2005,3,29.405,79.438,0,2549,69.89596605,31,231
2010,9,29.401,79.468,1,2131,532.4529343,29,16
2012,9,30.565,79.215,1,3536,276.7238808,35,59
2010,7,30.3,78.075,1,651,572.4291,4,120
2010,11,30.265,78.072,0,626,19.77627468,5,90
2012,8,30.76,78.485,1,1683,864.6347027,35,307
2008,1,29.8,80.17,0,1290,17.02496994,22,291
2025,8,29.4015,79.429,1,2055,850.0562687,29,307
2014,8,30.33,78.025,1,655,406.978178,1,311
2023,7,29.9271,78.108,1,289,641.6744137,3,0
2022,1,29.861,77.888,0,278,132.1850395,7,188
2010,9,30.81,78.48,1,2501,443.4317856,28,315
2021,3,29.3735,79.478,0,1918,16.33079529,20,238
2021,10,30.3,78.075,0,651,51.37694788,4,120
2013,6,30.0808,79.4908,1,1250,638.9988308,37,74
2025,8,29.905,80.23,1,1757,604.9968948,49,19
2007,7,29.4015,79.429,1,2055,544.4050131,29,307
2012,9,30.52,79.173,1,2709,267.6177635,24,10
2013,3,29.9191,78.0507,0,273,24.54177189,1,49
2010,11,29.755,80.13,0,850,9.740272522,6,201
2013,4,29.423,79.453,0,1938,18.31984067,37,57
2025,8,31.002,78.542,1,5759,623.8626213,52,193
2016,7,29.869,77.89,1,267,402.8514872,2,270
2017,7,29.905,80.23,1,1757,557.4619093,49,19
2021,10,30.735,79.12,0,4765,64.02078247,35,142
2015,3,29.9271,78.108,0,289,157.5249319,3,0
2010,9,29.406,79.455,1,1924,565.8924179,17,22
2005,3,30.34,78.02,0,676,35.51081848,1,90
2010,4,29.855,77.905,0,271,5.213378906,4,196
2012,5,30.52,79.173,0,2709,27.4834857,24,10
2025,11,31.132,78.445,0,4118,475.2132721,36,334
2010,9,30.34,78.02,1,676,624.8260555,1,90
2014,8,30.275,78.065,1,624,406.5409794,3,286
2016,10,29.3735,79.478,0,1918,45.37932587,20,238
2019,8,29.4015,79.429,1,2055,452.960207,29,307
2009,8,29.895,80.105,1,1758,351.9206305,50,29
2021,4,30.3255,78.04,0,673,33.82255089,3,270
2021,12,29.3967,79.4549,0,2155,19.43929338,30,220
2013,9,30.3165,78.0322,1,651,161.2136383,3,229
2010,6,29.9494,78.1616,1,294,101.7722778,4,229
2013,6,29.868,77.893,1,264,307.2198505,5,113
2014,9,29.855,77.905,1,271,138.6507912,4,196
2010,12,29.861,77.888,0,278,17.81851125,7,188
2021,2,30.29,78.08,1,637,21.57310104,4,131
2023,5,29.9457,78.1642,0,291,82.13289261,3,0
2010,12,29.8,80.18,0,1640,13.65309107,13,305
2021,4,30.3165,78.0322,0,651,35.29854965,3,229
2019,1,29.3735,79.478,0,1918,105.5997105,20,238
2005,7,30.3255,78.04,1,673,278.4688091,3,270
2019,4,30.9,78.54,0,3186,53.97643164,22,97
2021,6,29.866,77.88,1,267,86.04259872,3,201
2005,8,29.935,78.158,1,277,155.5921478,1,270
